"Reporting starts","Reporting ends","Ad set name","Audience segments","Ad set delivery",Bid,"Bid Type","Ad set budget","Ad set budget type","Amount spent (INR)",Purchases,"Purchase ROAS (return on ad spend)","Purchases conversion value","Cost per purchase (INR)","Hook Rate",Results,"Result indicator","Cost per results","Adds to cart","Cost per add to cart (INR)","CPM (cost per 1,000 impressions) (INR)",Impressions,Frequency,Reach,"CTR (all)","Outbound CTR (click-through rate)","Link clicks to landing page views rate","Cost per landing page view (INR)",custom_audiences,excluded_custom_audiences,"Attribution setting","Impressions to 3-second video plays rate"
2026-01-02,2026-01-02,Interest-Tea-Fitness_CPS_7DCV,prospecting,active,700,ABSOLUTE_OCPM,"Using campaign budget",0,53344.971952,83,1.817634,96961.62,642.710505,0.1322314,83,actions:offsite_conversion.fb_pixel_purchase,642.71050544,487,109.53793,135.65155,393250,1.23118,319409,0,,,24.414175,,,"7-day click, 1-day view or 1-day engaged view",0.1322314
2026-01-02,2026-01-02,NK_ASC_Dec_CPS_7DC,prospecting,active,700,ABSOLUTE_OCPM,46400,Daily,52444.070947,58,1.306231,68504.06,904.20812,0.10036178,58,actions:offsite_conversion.fb_pixel_purchase,904.20811978,400,131.110177,147.764741,354916,1.235582,287246,0,,,31.669125,,,"7-day click",0.10036178
2026-01-02,2026-01-02,Interest-Tea-Fitness_CPS_7DCV,existing,active,700,ABSOLUTE_OCPM,"Using campaign budget",0,48441.697796,109,2.619542,126895.05,444.419246,0.06644235,109,actions:offsite_conversion.fb_pixel_purchase,444.41924583,546,88.721058,196.855053,246078,1.866178,131862,0,,,31.455648,,,"7-day click, 1-day view or 1-day engaged view",0.06644235
2026-01-01,2026-01-01,NK_ASC_Dec_CPS_7DC,prospecting,active,700,ABSOLUTE_OCPM,46400,Daily,43263.355093,62,1.859365,80442.35,697.79605,0.09727878,62,actions:offsite_conversion.fb_pixel_purchase,697.79604988,283,152.874046,135.507959,319268,1.2536,254681,0,,,29.094388,,,"7-day click",0.09727878
2026-01-01,2026-01-01,Interest-Tea-Fitness_CPS_7DCV,prospecting,active,700,ABSOLUTE_OCPM,"Using campaign budget",0,42593.683186,60,1.812568,77203.95,709.89472,0.14239864,60,actions:offsite_conversion.fb_pixel_purchase,709.89471977,334,127.525998,112.88657,377314,1.250084,301831,0,,,24.064228,,,"7-day click, 1-day view or 1-day engaged view",0.14239864
2026-01-04,2026-01-04,Interest-Tea-Fitness_CPS_7DCV,existing,active,700,ABSOLUTE_OCPM,"Using campaign budget",0,42097.838883,106,3.067479,129134.25,397.149423,0.05912996,106,actions:offsite_conversion.fb_pixel_purchase,397.14942343,513,82.062064,173.635853,242449,1.853968,130773,0,,,32.25888,,,"7-day click, 1-day view or 1-day engaged view",0.05912996
2026-01-04,2026-01-04,NK_ASC_Dec_CPS_7DC,prospecting,active,700,ABSOLUTE_OCPM,46400,Daily,38204.934655,50,1.63276,62379.5,764.098693,0.09667201,50,actions:offsite_conversion.fb_pixel_purchase,764.09869309,286,133.583688,161.14786,237080,1.297639,182701,0,,,29.570383,,,"7-day click",0.09667201
2026-01-04,2026-01-04,Interest-Tea-Fitness_CPS_7DCV,prospecting,active,700,ABSOLUTE_OCPM,"Using campaign budget",0,38125.411037,70,2.413975,92033.8,544.648729,0.10601815,70,actions:offsite_conversion.fb_pixel_purchase,544.64872909,350,108.929746,116.363015,327642,1.293805,253239,0,,,24.314675,,,"7-day click, 1-day view or 1-day engaged view",0.10601815
2026-01-01,2026-01-01,Interest-Tea-Fitness_CPS_7DCV,existing,active,700,ABSOLUTE_OCPM,"Using campaign budget",0,36820.826378,81,2.668211,98245.75,454.578103,0.05928946,81,actions:offsite_conversion.fb_pixel_purchase,454.57810344,434,84.840614,166.090009,221692,1.808313,122596,0,,,30.889955,,,"7-day click, 1-day view or 1-day engaged view",0.05928946
2026-01-03,2026-01-03,Interest-Tea-Fitness_CPS_7DCV,existing,active,700,ABSOLUTE_OCPM,"Using campaign budget",0,33482.755386,76,2.688953,90033.57,440.562571,0.06023765,76,actions:offsite_conversion.fb_pixel_purchase,440.56257087,390,85.853219,170.391366,196505,1.907297,103028,0,,,29.140779,,,"7-day click, 1-day view or 1-day engaged view",0.06023765
2026-01-02,2026-01-02,NK_ASC_CPS_7DC,prospecting,active,700,ABSOLUTE_OCPM,37000,Daily,32138.099951,35,1.411773,45371.7,918.231427,0.21322723,35,actions:offsite_conversion.fb_pixel_purchase,918.23142716,193,166.518653,168.703051,190501,1.24058,153558,0,,,38.442703,,,"7-day click",0.21322723
2026-01-03,2026-01-03,NK_ASC_Dec_CPS_7DC,prospecting,active,700,ABSOLUTE_OCPM,46400,Daily,30524.79061,48,1.923974,58728.9,635.933138,0.09338427,48,actions:offsite_conversion.fb_pixel_purchase,635.9331377,236,129.342333,145.934324,209168,1.323069,158093,0,,,31.533875,,,"7-day click",0.09338427
2026-01-03,2026-01-03,Interest-Tea-Fitness_CPS_7DCV,prospecting,active,700,ABSOLUTE_OCPM,"Using campaign budget",0,27452.114604,59,2.626646,72107,465.290078,0.10586067,59,actions:offsite_conversion.fb_pixel_purchase,465.29007803,299,91.813092,127.466079,215368,1.309921,164413,0,,,23.503523,,,"7-day click, 1-day view or 1-day engaged view",0.10586067
2026-01-04,2026-01-04,NK_ASC_CPS_7DC,prospecting,active,700,ABSOLUTE_OCPM,37000,Daily,24775.072248,26,1.199003,29705.39,952.887394,0.17172328,26,actions:offsite_conversion.fb_pixel_purchase,952.88739417,158,156.804255,176.36516,140476,1.334156,105292,0,,,40.681564,,,"7-day click",0.17172328
2026-01-01,2026-01-01,NK_ASC_CPS_7DC,prospecting,active,700,ABSOLUTE_OCPM,37000,Daily,21585.402115,26,1.47827,31909.05,830.207774,0.22400346,26,actions:offsite_conversion.fb_pixel_purchase,830.20777365,151,142.949683,148.196425,145654,1.1661,124907,0,,,34.871409,,,"7-day click",0.22400346
2026-01-02,2026-01-02,Tea_CPS_7DCV,existing,active,600,ABSOLUTE_OCPM,"Using campaign budget",0,20458.998295,53,3.094367,63307.65,386.018836,0.06982675,53,actions:offsite_conversion.fb_pixel_purchase,386.01883575,235,87.059567,171.643092,119195,1.57067,75888,0,,,26.604679,,,"7-day click, 1-day view or 1-day engaged view",0.06982675
2026-01-05,2026-01-05,Interest-Tea-Fitness_CPS_7DCV,existing,active,700,ABSOLUTE_OCPM,"Using campaign budget",0,20046.692194,47,3.039183,60925.57,426.525366,0.05458015,47,actions:offsite_conversion.fb_pixel_purchase,426.52536583,202,99.24105,206.794844,96940,1.541054,62905,0,,,31.820146,,,"7-day click, 1-day view or 1-day engaged view",0.05458015
2026-01-03,2026-01-03,NK_ASC_CPS_7DC,prospecting,active,700,ABSOLUTE_OCPM,37000,Daily,19534.252251,31,2.147612,41952,630.137169,0.18177449,31,actions:offsite_conversion.fb_pixel_purchase,630.13716938,194,100.692022,153.908748,126921,1.485394,85446,0,,,36.4445,,,"7-day click",0.18177449
2026-01-05,2026-01-05,Interest-Tea-Fitness_CPS_7DCV,prospecting,active,700,ABSOLUTE_OCPM,"Using campaign budget",0,19255.427806,24,1.695608,32649.65,802.309492,0.10159184,24,actions:offsite_conversion.fb_pixel_purchase,802.30949192,160,120.346424,156.545648,123002,1.21053,101610,0,,,30.039669,,,"7-day click, 1-day view or 1-day engaged view",0.10159184
2026-01-02,2026-01-02,Tea_CPS_7DCV,prospecting,active,600,ABSOLUTE_OCPM,"Using campaign budget",0,18934.321594,18,1.206262,22839.75,1051.906755,0.13236246,18,actions:offsite_conversion.fb_pixel_purchase,1051.9067552,130,145.648628,117.788847,160748,1.277227,125857,0,,,25.212146,,,"7-day click, 1-day view or 1-day engaged view",0.13236246
2026-01-04,2026-01-04,Tea_CPS_7DCV,existing,active,600,ABSOLUTE_OCPM,"Using campaign budget",0,18312.055067,31,2.264827,41473.64,590.711454,0.0633178,31,actions:offsite_conversion.fb_pixel_purchase,590.71145376,205,89.327098,149.475182,122509,1.679195,72957,0,,,26.160079,,,"7-day click, 1-day view or 1-day engaged view",0.0633178
2026-01-02,2026-01-02,Income10_CPS_7DCV,existing,active,600,ABSOLUTE_OCPM,"Using campaign budget",0,16770.073204,38,2.812802,47170.9,441.317716,0.07003434,38,actions:offsite_conversion.fb_pixel_purchase,441.31771591,206,81.408122,171.382018,97852,1.581191,61885,0,,,28.666792,,,"7-day click, 1-day view or 1-day engaged view",0.07003434
2026-01-02,2026-01-02,Income10_CPS_7DCV,prospecting,active,650,ABSOLUTE_OCPM,24000,Daily,16617.760458,24,1.553323,25812.75,692.406686,0.07881497,24,actions:offsite_conversion.fb_pixel_purchase,692.40668575,125,132.942084,163.287417,101770,1.14252,89075,0,,,25.844106,,,"7-day click, 1-day view or 1-day engaged view",0.07881497
2026-01-02,2026-01-02,Open_CPS_7DCV,prospecting,active,650,ABSOLUTE_OCPM,24500,Daily,16262.791622,24,1.630461,26515.85,677.616318,0.08520489,24,actions:offsite_conversion.fb_pixel_purchase,677.61631758,146,111.388984,162.981586,99783,1.218203,81910,0,,,26.18807,,,"7-day click, 1-day view or 1-day engaged view",0.08520489
2026-01-02,2026-01-02,Income10_CPS_7DCV,prospecting,active,600,ABSOLUTE_OCPM,"Using campaign budget",0,16106.83675,27,1.983715,31951.37,596.549509,0.13374433,27,actions:offsite_conversion.fb_pixel_purchase,596.54950925,142,113.428428,106.086775,151827,1.172111,129533,0,,,20.518263,,,"7-day click, 1-day view or 1-day engaged view",0.13374433
2026-01-02,2026-01-02,Income10_CPS_7DCV,existing,active,650,ABSOLUTE_OCPM,24000,Daily,15704.688343,33,2.396752,37640.25,475.899647,0.07195288,33,actions:offsite_conversion.fb_pixel_purchase,475.89964676,177,88.727053,227.822096,68934,1.36045,50670,0,,,29.520091,,,"7-day click, 1-day view or 1-day engaged view",0.07195288
2026-01-02,2026-01-02,Open_CPS_7DCV,existing,active,650,ABSOLUTE_OCPM,24500,Daily,15687.028378,42,3.156608,49517.8,373.500676,0.0603137,42,actions:offsite_conversion.fb_pixel_purchase,373.50067567,171,91.737008,226.566746,69238,1.405933,49247,0,,,30.342415,,,"7-day click, 1-day view or 1-day engaged view",0.0603137
2026-01-01,2026-01-01,Tea_CPS_7DCV,existing,active,600,ABSOLUTE_OCPM,"Using campaign budget",0,15619.249576,29,2.038853,31845.35,538.594813,0.06455814,29,actions:offsite_conversion.fb_pixel_purchase,538.59481296,167,93.528441,142.241454,109808,1.626327,67519,0,,,25.480016,,,"7-day click, 1-day view or 1-day engaged view",0.06455814
2026-01-01,2026-01-01,Tea_CPS_7DCV,prospecting,active,600,ABSOLUTE_OCPM,"Using campaign budget",0,15168.250136,18,1.614428,24488.05,842.680563,0.14224583,18,actions:offsite_conversion.fb_pixel_purchase,842.68056312,127,119.43504,92.59378,163815,1.204593,135992,0,,,24.94778,,,"7-day click, 1-day view or 1-day engaged view",0.14224583
2026-01-04,2026-01-04,Income10_CPS_7DCV,existing,active,600,ABSOLUTE_OCPM,"Using campaign budget",0,14483.223833,28,2.234934,32369.05,517.257994,0.05461255,28,actions:offsite_conversion.fb_pixel_purchase,517.25799405,154,94.046908,150.545438,96205,1.641247,58617,0,,,28.793686,,,"7-day click, 1-day view or 1-day engaged view",0.05461255
2026-01-03,2026-01-03,Tea_CPS_7DCV,existing,active,600,ABSOLUTE_OCPM,"Using campaign budget",0,14419.392947,33,2.867338,41345.27,436.951301,0.06390162,33,actions:offsite_conversion.fb_pixel_purchase,436.95130142,223,64.660955,144.877752,99528,1.663235,59840,0,,,25.61171,,,"7-day click, 1-day view or 1-day engaged view",0.06390162
2026-01-04,2026-01-04,Tea_CPS_7DCV,prospecting,active,600,ABSOLUTE_OCPM,"Using campaign budget",0,14349.374751,11,0.970702,13928.96,1304.488614,0.11640377,11,actions:offsite_conversion.fb_pixel_purchase,1304.48861369,127,112.987203,101.638144,141181,1.22093,115634,0,,,29.83238,,,"7-day click, 1-day view or 1-day engaged view",0.11640377
2026-01-01,2026-01-01,Income10_CPS_7DCV,prospecting,active,650,ABSOLUTE_OCPM,24000,Daily,14309.897515,24,1.912952,27374.15,596.24573,0.07447297,24,actions:offsite_conversion.fb_pixel_purchase,596.24572978,108,132.499051,152.898222,93591,1.159294,80731,0,,,27.625285,,,"7-day click, 1-day view or 1-day engaged view",0.07447297
2026-01-01,2026-01-01,Open_CPS_7DCV,prospecting,active,650,ABSOLUTE_OCPM,24500,Daily,13943.985116,10,0.840961,11726.35,1394.398512,0.08045743,10,actions:offsite_conversion.fb_pixel_purchase,1394.39851155,88,158.454376,149.168629,93478,1.182637,79042,0,,,28.809887,,,"7-day click, 1-day view or 1-day engaged view",0.08045743
2026-01-02,2026-01-02,Open_CPS_7DCV,existing,active,600,ABSOLUTE_OCPM,"Using campaign budget",0,13887.913515,25,2.031644,28215.3,555.516541,0.08351508,25,actions:offsite_conversion.fb_pixel_purchase,555.51654062,139,99.913047,188.134674,73819,1.487656,49621,0,,,27.338412,,,"7-day click, 1-day view or 1-day engaged view",0.08351508
2026-01-02,2026-01-02,Mix-Fitness_CPS_7DCV,prospecting,active,600,ABSOLUTE_OCPM,"Using campaign budget",0,13690.987952,20,1.88998,25875.7,684.549398,0.16589858,20,actions:offsite_conversion.fb_pixel_purchase,684.5493976,125,109.527904,98.278548,139308,1.056508,131857,0,,,18.352531,,,"7-day click, 1-day view or 1-day engaged view",0.16589858
2026-01-05,2026-01-05,NK_ASC_Dec_CPS_7DC,prospecting,active,700,ABSOLUTE_OCPM,46400,Daily,13660.634809,22,1.995083,27254.1,620.937946,0.09447625,22,actions:offsite_conversion.fb_pixel_purchase,620.93794586,105,130.101284,171.145151,79819,1.1763,67856,0,,,36.428359,,,"7-day click",0.09447625
2026-01-01,2026-01-01,Income10_CPS_7DCV,existing,active,600,ABSOLUTE_OCPM,"Using campaign budget",0,13149.936392,26,2.355266,30971.6,505.766784,0.05816821,26,actions:offsite_conversion.fb_pixel_purchase,505.76678431,150,87.666243,143.48307,91648,1.538389,59574,0,,,28.218748,,,"7-day click, 1-day view or 1-day engaged view",0.05816821
2026-01-01,2026-01-01,Income10_CPS_7DCV,prospecting,active,600,ABSOLUTE_OCPM,"Using campaign budget",0,13054.803452,28,2.394004,31253.25,466.24298,0.12451569,28,actions:offsite_conversion.fb_pixel_purchase,466.24298043,191,68.349756,89.050501,146600,1.167699,125546,0,,,18.131671,,,"7-day click, 1-day view or 1-day engaged view",0.12451569
2026-01-04,2026-01-04,Open_CPS_7DCV,existing,active,650,ABSOLUTE_OCPM,24500,Daily,12937.126208,22,2.106299,27249.45,588.051191,0.04695765,22,actions:offsite_conversion.fb_pixel_purchase,588.05119126,143,90.469414,179.149835,72214,1.385932,52105,0,,,28.30881,,,"7-day click, 1-day view or 1-day engaged view",0.04695765
2026-01-02,2026-01-02,Tea_CPS_7DCV,prospecting,active,600,ABSOLUTE_OCPM,19200,Daily,12912.841525,16,1.760012,22726.75,807.052595,0.08024011,16,actions:offsite_conversion.fb_pixel_purchase,807.05259529,125,103.302732,148.208819,87126,1.147285,75941,0,,,23.182839,,,"7-day click, 1-day view or 1-day engaged view",0.08024011
2026-01-01,2026-01-01,Open_CPS_7DCV,existing,active,650,ABSOLUTE_OCPM,24500,Daily,12535.694613,28,2.53804,31816.1,447.703379,0.05773358,28,actions:offsite_conversion.fb_pixel_purchase,447.70337902,149,84.132179,200.757417,62442,1.471994,42420,0,,,29.705437,,,"7-day click, 1-day view or 1-day engaged view",0.05773358
2026-01-02,2026-01-02,Yoga_CPS_7DCV,existing,active,650,ABSOLUTE_OCPM,18200,Daily,12449.135494,23,2.150724,26774.65,541.266761,0.11508686,23,actions:offsite_conversion.fb_pixel_purchase,541.26676063,137,90.869602,235.066758,52960,1.349609,39241,0,,,34.389877,,,"7-day click, 1-day view or 1-day engaged view",0.11508686
2026-01-04,2026-01-04,Income10_CPS_7DCV,existing,active,650,ABSOLUTE_OCPM,24000,Daily,12329.707938,37,3.442235,42441.75,333.23535,0.05967003,37,actions:offsite_conversion.fb_pixel_purchase,333.23534967,145,85.032469,188.354842,65460,1.369829,47787,0,,,25.580307,,,"7-day click, 1-day view or 1-day engaged view",0.05967003
2026-01-01,2026-01-01,Income10_CPS_7DCV,existing,active,650,ABSOLUTE_OCPM,24000,Daily,11981.102138,27,2.305702,27624.85,443.744524,0.065258,27,actions:offsite_conversion.fb_pixel_purchase,443.74452363,159,75.352844,199.811583,59962,1.433983,41815,0,,,23.631365,,,"7-day click, 1-day view or 1-day engaged view",0.065258
2026-01-04,2026-01-04,Income10_CPS_7DCV,prospecting,active,600,ABSOLUTE_OCPM,"Using campaign budget",0,11962.016165,17,1.719376,20567.2,703.64801,0.10339172,17,actions:offsite_conversion.fb_pixel_purchase,703.64800971,84,142.404954,97.131342,123153,1.232713,99904,0,,,21.989,,,"7-day click, 1-day view or 1-day engaged view",0.10339172
2026-01-02,2026-01-02,Yoga_CPS_7DCV,prospecting,active,650,ABSOLUTE_OCPM,18200,Daily,11916.084278,20,1.856906,22127.05,595.804214,0.10750776,20,actions:offsite_conversion.fb_pixel_purchase,595.80421391,135,88.267291,154.700096,77027,1.137198,67734,0,,,30.167302,,,"7-day click, 1-day view or 1-day engaged view",0.10750776
2026-01-02,2026-01-02,Mix-Fitness_CPS_7DCV,prospecting,active,650,ABSOLUTE_OCPM,18600,Daily,11911.641721,21,2.182709,25999.65,567.221034,0.05829271,21,actions:offsite_conversion.fb_pixel_purchase,567.22103432,137,86.94629,148.876912,80010,1.165392,68655,0,,,21.385353,,,"7-day click, 1-day view or 1-day engaged view",0.05829271
2026-01-02,2026-01-02,Mix-Fitness_CPS_7DCV,existing,active,650,ABSOLUTE_OCPM,18600,Daily,11774.508247,22,1.92225,22633.55,535.20492,0.06691417,22,actions:offsite_conversion.fb_pixel_purchase,535.20492032,129,91.275258,208.158901,56565,1.367262,41371,0,,,27.967953,,,"7-day click, 1-day view or 1-day engaged view",0.06691417
2026-01-02,2026-01-02,Tea_CPS_7DCV,existing,active,600,ABSOLUTE_OCPM,19200,Daily,11705.888386,27,2.518092,29476.5,433.551422,0.05951379,27,actions:offsite_conversion.fb_pixel_purchase,433.55142172,146,80.177318,201.114825,58205,1.407244,41361,0,,,26.305367,,,"7-day click, 1-day view or 1-day engaged view",0.05951379
2026-01-02,2026-01-02,Open_CPS_7DCV,prospecting,active,600,ABSOLUTE_OCPM,"Using campaign budget",0,11680.296396,18,2.088375,24392.84,648.905355,0.09511058,18,actions:offsite_conversion.fb_pixel_purchase,648.90535533,86,135.8174,126.629406,92240,1.179148,78226,0,,,25.282027,,,"7-day click, 1-day view or 1-day engaged view",0.09511058
2026-01-04,2026-01-04,Income10_CPS_7DCV,prospecting,active,650,ABSOLUTE_OCPM,24000,Daily,11649.912062,21,1.92607,22438.55,554.757717,0.05755388,21,actions:offsite_conversion.fb_pixel_purchase,554.75771725,115,101.303583,121.709505,95719,1.147971,83381,0,,,24.020437,,,"7-day click, 1-day view or 1-day engaged view",0.05755388
2026-01-04,2026-01-04,Open_CPS_7DCV,prospecting,active,650,ABSOLUTE_OCPM,24500,Daily,11457.2238,22,1.868799,21411.25,520.7829,0.06681313,22,actions:offsite_conversion.fb_pixel_purchase,520.78290002,89,128.732852,120.436281,95131,1.169174,81366,0,,,24.22246,,,"7-day click, 1-day view or 1-day engaged view",0.06681313
2026-01-01,2026-01-01,Open_CPS_7DCV,existing,active,600,ABSOLUTE_OCPM,"Using campaign budget",0,11407.93833,24,2.63669,30079.2,475.330764,0.06972668,24,actions:offsite_conversion.fb_pixel_purchase,475.33076375,105,108.647032,148.126188,77015,1.487235,51784,0,,,25.809815,,,"7-day click, 1-day view or 1-day engaged view",0.06972668
2026-01-01,2026-01-01,Mix-Fitness_CPS_7DCV,prospecting,active,600,ABSOLUTE_OCPM,"Using campaign budget",0,11195.906952,21,2.076942,23253.25,533.138426,0.16790117,21,actions:offsite_conversion.fb_pixel_purchase,533.13842628,110,101.780972,78.23397,143108,1.114427,128414,0,,,18.293966,,,"7-day click, 1-day view or 1-day engaged view",0.16790117
2026-01-05,2026-01-05,NK_ASC_CPS_7DC,existing,active,700,ABSOLUTE_OCPM,37000,Daily,11191.049815,13,1.467351,16421.2,860.849986,0.14994776,13,actions:offsite_conversion.fb_pixel_purchase,860.8499858,110,101.736817,205.118309,54559,1.339594,40728,0,,,32.437826,,,"7-day click",0.14994776
2026-01-01,2026-01-01,Tea_CPS_7DCV,prospecting,active,600,ABSOLUTE_OCPM,19200,Daily,11014.805561,13,1.607822,17709.85,847.292736,0.07104828,13,actions:offsite_conversion.fb_pixel_purchase,847.2927355,103,106.93986,132.081511,83394,1.212087,68802,0,,,23.790077,,,"7-day click, 1-day view or 1-day engaged view",0.07104828
2026-01-05,2026-01-05,NK_ASC_CPS_7DC,prospecting,active,700,ABSOLUTE_OCPM,37000,Daily,11002.160185,20,2.250699,24762.55,550.108009,0.16605632,20,actions:offsite_conversion.fb_pixel_purchase,550.10800923,77,142.885197,175.941666,62533,1.204132,51932,0,,,42.316001,,,"7-day click",0.16605632
2026-01-01,2026-01-01,NK_ASC_CPS_7DC,existing,active,700,ABSOLUTE_OCPM,37000,Daily,10985.487507,24,2.626246,28850.59,457.728646,0.175128,24,actions:offsite_conversion.fb_pixel_purchase,457.72864612,115,95.525978,182.616655,60156,1.37214,43841,0,,,29.770969,,,"7-day click",0.175128
2026-01-04,2026-01-04,NK_ASC_CPS_7DC,existing,active,700,ABSOLUTE_OCPM,37000,Daily,10891.967848,30,3.463006,37718.95,363.065595,0.15488318,30,actions:offsite_conversion.fb_pixel_purchase,363.06559494,130,83.784368,184.935613,58896,1.590279,37035,0,,,31.479676,,,"7-day click",0.15488318
2026-01-01,2026-01-01,Open_CPS_7DCV,prospecting,active,600,ABSOLUTE_OCPM,"Using campaign budget",0,10810.841613,14,1.541157,16661.2,772.202972,0.08848455,14,actions:offsite_conversion.fb_pixel_purchase,772.20297237,81,133.46718,102.025647,105962,1.248242,84889,0,,,25.437274,,,"7-day click, 1-day view or 1-day engaged view",0.08848455
2026-01-03,2026-01-03,Tea_CPS_7DCV,prospecting,active,600,ABSOLUTE_OCPM,"Using campaign budget",0,10804.606891,27,2.985266,32254.63,400.170626,0.11525464,27,actions:offsite_conversion.fb_pixel_purchase,400.17062559,124,87.133927,108.022304,100022,1.24026,80646,0,,,23.386595,,,"7-day click, 1-day view or 1-day engaged view",0.11525464
2026-01-03,2026-01-03,Income10_CPS_7DCV,existing,active,600,ABSOLUTE_OCPM,"Using campaign budget",0,10647.688459,28,3.390041,36096.1,380.274588,0.05954239,28,actions:offsite_conversion.fb_pixel_purchase,380.27458782,160,66.548053,148.370889,71764,1.572324,45642,0,,,27.87353,,,"7-day click, 1-day view or 1-day engaged view",0.05954239
2026-01-04,2026-01-04,Open_CPS_7DCV,existing,active,600,ABSOLUTE_OCPM,"Using campaign budget",0,10616.874716,18,1.913562,20316.05,589.826373,0.07962906,18,actions:offsite_conversion.fb_pixel_purchase,589.82637312,104,102.085334,164.093891,64700,1.395389,46367,0,,,25.158471,,,"7-day click, 1-day view or 1-day engaged view",0.07962906
2026-01-03,2026-01-03,Open_CPS_7DCV,existing,active,650,ABSOLUTE_OCPM,24500,Daily,10603.182904,26,2.744173,29096.97,407.814727,0.04816514,26,actions:offsite_conversion.fb_pixel_purchase,407.81472707,107,99.095167,184.236567,57552,1.436896,40053,0,,,29.784222,,,"7-day click, 1-day view or 1-day engaged view",0.04816514
2026-01-02,2026-01-02,Mix-Fitness_CPS_7DCV,existing,active,600,ABSOLUTE_OCPM,"Using campaign budget",0,10343.651999,29,3.220671,33313.5,356.677655,0.0919807,29,actions:offsite_conversion.fb_pixel_purchase,356.67765515,137,75.501109,189.035637,54718,1.302406,42013,0,,,28.416626,,,"7-day click, 1-day view or 1-day engaged view",0.0919807
2026-01-04,2026-01-04,Tea_CPS_7DCV,existing,active,600,ABSOLUTE_OCPM,19200,Daily,10342.283466,26,3.117803,32245.2,397.780133,0.05378469,26,actions:offsite_conversion.fb_pixel_purchase,397.78013332,102,101.394936,174.703685,59199,1.431484,41355,0,,,25.348734,,,"7-day click, 1-day view or 1-day engaged view",0.05378469
2026-01-01,2026-01-01,Yoga_CPS_7DCV,prospecting,active,650,ABSOLUTE_OCPM,18200,Daily,10253.064305,13,1.419269,14551.86,788.697254,0.10415405,13,actions:offsite_conversion.fb_pixel_purchase,788.69725424,50,205.061286,134.95491,75974,1.166928,65106,0,,,28.480734,,,"7-day click, 1-day view or 1-day engaged view",0.10415405
2026-01-03,2026-01-03,Income10_CPS_7DCV,existing,active,650,ABSOLUTE_OCPM,24000,Daily,10165.528973,9,0.860418,8746.6,1129.503219,0.06403997,9,actions:offsite_conversion.fb_pixel_purchase,1129.50321919,118,86.148551,191.63972,53045,1.388322,38208,0,,,24.377767,,,"7-day click, 1-day view or 1-day engaged view",0.06403997
2026-01-01,2026-01-01,Mix-Fitness_CPS_7DCV,prospecting,active,650,ABSOLUTE_OCPM,18600,Daily,10105.628127,13,1.055783,10669.35,777.35601,0.05316233,13,actions:offsite_conversion.fb_pixel_purchase,777.35600981,60,168.427135,130.651447,77348,1.239392,62408,0,,,21.364964,,,"7-day click, 1-day view or 1-day engaged view",0.05316233
2026-01-04,2026-01-04,Yoga_CPS_7DCV,existing,active,650,ABSOLUTE_OCPM,18200,Daily,9947.960359,13,1.584249,15760.05,765.22772,0.09589773,13,actions:offsite_conversion.fb_pixel_purchase,765.22771993,121,82.214548,196.860672,50533,1.38785,36411,0,,,28.181191,,,"7-day click, 1-day view or 1-day engaged view",0.09589773
2026-01-04,2026-01-04,Mix-Fitness_CPS_7DCV,existing,active,650,ABSOLUTE_OCPM,18600,Daily,9851.466714,23,2.329552,22949.5,428.32464,0.0538526,23,actions:offsite_conversion.fb_pixel_purchase,428.32463972,140,70.367619,175.671227,56079,1.407853,39833,0,,,26.482437,,,"7-day click, 1-day view or 1-day engaged view",0.0538526
2026-01-01,2026-01-01,Yoga_CPS_7DCV,existing,active,650,ABSOLUTE_OCPM,18200,Daily,9593.185164,26,3.102729,29765.05,368.96866,0.10470972,26,actions:offsite_conversion.fb_pixel_purchase,368.96866014,107,89.655936,202.970235,47264,1.369574,34510,0,,,35.929532,,,"7-day click, 1-day view or 1-day engaged view",0.10470972
2026-01-03,2026-01-03,NK_ASC_CPS_7DC,existing,active,700,ABSOLUTE_OCPM,37000,Daily,9528.407676,29,3.63809,34665.2,328.565782,0.18635956,29,actions:offsite_conversion.fb_pixel_purchase,328.56578194,152,62.686893,167.662151,56831,1.519505,37401,0,,,26.321568,,,"7-day click",0.18635956
2026-01-01,2026-01-01,Mix-Fitness_CPS_7DCV,existing,active,650,ABSOLUTE_OCPM,18600,Daily,9383.911837,25,3.226389,30276.15,375.356473,0.05282012,25,actions:offsite_conversion.fb_pixel_purchase,375.35647347,128,73.311811,175.082781,53597,1.43296,37403,0,,,23.696747,,,"7-day click, 1-day view or 1-day engaged view",0.05282012
2026-01-01,2026-01-01,Tea_CPS_7DCV,existing,active,600,ABSOLUTE_OCPM,19200,Daily,9146.064439,21,2.46037,22502.7,435.526878,0.04589274,21,actions:offsite_conversion.fb_pixel_purchase,435.52687802,118,77.509021,175.990772,51969,1.41343,36768,0,,,27.548387,,,"7-day click, 1-day view or 1-day engaged view",0.04589274
2026-01-02,2026-01-02,NK_ASC_CPS_7DC,existing,active,700,ABSOLUTE_OCPM,37000,Daily,9113.409828,27,4.090818,37281.3,337.533697,0.17139656,27,actions:offsite_conversion.fb_pixel_purchase,337.53369733,113,80.649645,189.059203,48204,1.322251,36456,0,,,27.700334,,,"7-day click",0.17139656
2026-01-04,2026-01-04,Mix-Fitness_CPS_7DCV,existing,active,600,ABSOLUTE_OCPM,"Using campaign budget",0,9107.500758,26,3.389453,30869.45,350.288491,0.07324507,26,actions:offsite_conversion.fb_pixel_purchase,350.2884907,151,60.314575,167.229775,54461,1.348211,40395,0,,,29.284568,,,"7-day click, 1-day view or 1-day engaged view",0.07324507
2026-01-04,2026-01-04,Mix-Fitness_CPS_7DCV,prospecting,active,600,ABSOLUTE_OCPM,"Using campaign budget",0,9087.509242,13,1.774155,16122.65,699.039172,0.13714545,13,actions:offsite_conversion.fb_pixel_purchase,699.03917245,67,135.634466,87.614096,103722,1.113997,93108,0,,,20.606597,,,"7-day click, 1-day view or 1-day engaged view",0.13714545
2026-01-03,2026-01-03,Open_CPS_7DCV,prospecting,active,650,ABSOLUTE_OCPM,24500,Daily,8953.237096,14,1.981588,17741.63,639.516935,0.06749088,14,actions:offsite_conversion.fb_pixel_purchase,639.51693545,104,86.088818,146.416738,61149,1.175468,52021,0,,,25.507798,,,"7-day click, 1-day view or 1-day engaged view",0.06749088
2026-01-04,2026-01-04,Tea_CPS_7DCV,prospecting,active,600,ABSOLUTE_OCPM,19200,Daily,8923.58653,9,1.134633,10125,991.509614,0.06624568,9,actions:offsite_conversion.fb_pixel_purchase,991.50961442,77,115.890734,117.641608,75854,1.168441,64919,0,,,22.534309,,,"7-day click, 1-day view or 1-day engaged view",0.06624568
2026-01-03,2026-01-03,Open_CPS_7DCV,existing,active,600,ABSOLUTE_OCPM,"Using campaign budget",0,8879.479892,15,2.043273,18143.2,591.965326,0.07991982,15,actions:offsite_conversion.fb_pixel_purchase,591.96532613,103,86.208543,154.775665,57370,1.444106,39727,0,,,24.260874,,,"7-day click, 1-day view or 1-day engaged view",0.07991982
2026-01-05,2026-01-05,NK_ASC_Dec_CPS_7DC,existing,active,700,ABSOLUTE_OCPM,46400,Daily,8767.265191,11,1.419559,12445.65,797.024108,0.09745852,11,actions:offsite_conversion.fb_pixel_purchase,797.02410829,60,146.121087,231.619602,37852,1.455286,26010,0,,,36.079281,,,"7-day click",0.09745852
2026-01-03,2026-01-03,Income10_CPS_7DCV,prospecting,active,650,ABSOLUTE_OCPM,24000,Daily,8645.140677,19,2.137611,18479.95,455.007404,0.06800247,19,actions:offsite_conversion.fb_pixel_purchase,455.00740404,97,89.125162,148.307498,58292,1.185182,49184,0,,,22.28129,,,"7-day click, 1-day view or 1-day engaged view",0.06800247
2026-01-04,2026-01-04,Mix-Fitness_CPS_7DCV,prospecting,active,650,ABSOLUTE_OCPM,18600,Daily,8588.403286,24,3.02289,25961.8,357.850137,0.04576332,24,actions:offsite_conversion.fb_pixel_purchase,357.85013693,91,94.378058,114.620551,74929,1.159748,64608,0,,,20.160571,,,"7-day click, 1-day view or 1-day engaged view",0.04576332
2026-01-05,2026-01-05,Tea_CPS_7DCV,existing,active,600,ABSOLUTE_OCPM,"Using campaign budget",0,8385.792947,17,2.279409,19114.65,493.281938,0.06698007,17,actions:offsite_conversion.fb_pixel_purchase,493.28193808,92,91.149923,162.90052,51478,1.366987,37658,0,,,31.173951,,,"7-day click, 1-day view or 1-day engaged view",0.06698007
2026-01-04,2026-01-04,Yoga_CPS_7DCV,prospecting,active,650,ABSOLUTE_OCPM,18200,Daily,8383.669641,13,1.833813,15374.08,644.897665,0.08923916,13,actions:offsite_conversion.fb_pixel_purchase,644.89766469,67,125.129398,124.900103,67123,1.128307,59490,0,,,25.40506,,,"7-day click, 1-day view or 1-day engaged view",0.08923916
2026-01-03,2026-01-03,Tea_CPS_7DCV,existing,active,600,ABSOLUTE_OCPM,19200,Daily,8223.91841,22,2.878123,23669.45,373.814473,0.05201901,22,actions:offsite_conversion.fb_pixel_purchase,373.8144732,116,70.895848,167.044167,49232,1.437263,34254,0,,,26.443468,,,"7-day click, 1-day view or 1-day engaged view",0.05201901
2026-01-03,2026-01-03,Mix-Fitness_CPS_7DCV,existing,active,650,ABSOLUTE_OCPM,18600,Daily,8217.674371,19,2.962523,24345.05,432.509177,0.05903475,19,actions:offsite_conversion.fb_pixel_purchase,432.50917743,112,73.372093,175.643876,46786,1.350128,34653,0,,,23.213769,,,"7-day click, 1-day view or 1-day engaged view",0.05903475
2026-01-03,2026-01-03,Yoga_CPS_7DCV,existing,active,650,ABSOLUTE_OCPM,18200,Daily,8118.20408,14,1.748324,14193.25,579.87172,0.10319049,14,actions:offsite_conversion.fb_pixel_purchase,579.87171998,77,105.431222,205.727277,39461,1.325217,29777,0,,,29.956473,,,"7-day click, 1-day view or 1-day engaged view",0.10319049
2026-01-01,2026-01-01,Mix-Fitness_CPS_7DCV,existing,active,600,ABSOLUTE_OCPM,"Using campaign budget",0,8097.783023,18,2.221534,17989.5,449.876835,0.07443994,18,actions:offsite_conversion.fb_pixel_purchase,449.87683462,101,80.17607,154.12899,52539,1.371704,38302,0,,,31.025989,,,"7-day click, 1-day view or 1-day engaged view",0.07443994
2026-01-02,2026-01-02,NK_ASC_Dec_CPS_7DC,existing,active,700,ABSOLUTE_OCPM,46400,Daily,7969.328766,17,2.199997,17532.5,468.784045,0.09983946,17,actions:offsite_conversion.fb_pixel_purchase,468.78404508,96,83.013841,203.076441,39243,1.5572,25201,0,,,26.214897,,,"7-day click",0.09983946
2026-01-05,2026-01-05,Tea_CPS_7DCV,prospecting,active,600,ABSOLUTE_OCPM,"Using campaign budget",0,7931.657053,12,1.914499,15185.15,660.971421,0.12520393,12,actions:offsite_conversion.fb_pixel_purchase,660.97142106,47,168.758661,117.634993,67426,1.148498,58708,0,,,33.751732,,,"7-day click, 1-day view or 1-day engaged view",0.12520393
2026-01-03,2026-01-03,Income10_CPS_7DCV,prospecting,active,600,ABSOLUTE_OCPM,"Using campaign budget",0,7847.351524,15,1.735159,13616.4,523.156768,0.11331054,15,actions:offsite_conversion.fb_pixel_purchase,523.15676828,77,101.913656,101.994457,76939,1.230276,62538,0,,,19.186679,,,"7-day click, 1-day view or 1-day engaged view",0.11331054
2026-01-04,2026-01-04,Open_CPS_7DCV,prospecting,active,600,ABSOLUTE_OCPM,"Using campaign budget",0,7732.255284,10,1.618454,12514.3,773.225528,0.08914073,10,actions:offsite_conversion.fb_pixel_purchase,773.22552838,64,120.816489,109.947179,70327,1.19926,58642,0,,,27.419345,,,"7-day click, 1-day view or 1-day engaged view",0.08914073
2026-01-03,2026-01-03,Mix-Fitness_CPS_7DCV,existing,active,600,ABSOLUTE_OCPM,"Using campaign budget",0,7431.636749,17,2.570679,19104.35,437.155103,0.08077555,17,actions:offsite_conversion.fb_pixel_purchase,437.15510287,112,66.3539,165.05212,45026,1.346512,33439,0,,,28.365026,,,"7-day click, 1-day view or 1-day engaged view",0.08077555
2026-01-03,2026-01-03,Mix-Fitness_CPS_7DCV,prospecting,active,600,ABSOLUTE_OCPM,"Using campaign budget",0,7212.023251,13,2.050617,14789.1,554.771019,0.14487462,13,actions:offsite_conversion.fb_pixel_purchase,554.77101933,81,89.037324,96.816078,74492,1.129796,65934,0,,,19.813251,,,"7-day click, 1-day view or 1-day engaged view",0.14487462
2026-01-04,2026-01-04,NK_ASC_Dec_CPS_7DC,existing,active,700,ABSOLUTE_OCPM,46400,Daily,7127.745345,19,3.295565,23489.95,375.144492,0.08817198,19,actions:offsite_conversion.fb_pixel_purchase,375.14449186,96,74.247347,194.211203,36701,1.615788,22714,0,,,29.698939,,,"7-day click",0.08817198
2026-01-03,2026-01-03,Tea_CPS_7DCV,prospecting,active,600,ABSOLUTE_OCPM,19200,Daily,6947.92159,13,2.019618,14032.15,534.455507,0.06772326,13,actions:offsite_conversion.fb_pixel_purchase,534.4555069,58,119.791752,131.876655,52685,1.144256,46043,0,,,24.7257,,,"7-day click, 1-day view or 1-day engaged view",0.06772326
2026-01-03,2026-01-03,Open_CPS_7DCV,prospecting,active,600,ABSOLUTE_OCPM,"Using campaign budget",0,6708.350108,18,3.273338,21958.7,372.686117,0.09086553,18,actions:offsite_conversion.fb_pixel_purchase,372.68611711,67,100.124628,119.054255,56347,1.193464,47213,0,,,22.817517,,,"7-day click, 1-day view or 1-day engaged view",0.09086553
2026-01-03,2026-01-03,Yoga_CPS_7DCV,prospecting,active,650,ABSOLUTE_OCPM,18200,Daily,6688.415808,10,2.417471,16169.05,668.841581,0.09541292,10,actions:offsite_conversion.fb_pixel_purchase,668.84158085,77,86.862543,142.765391,46849,1.149499,40756,0,,,29.335157,,,"7-day click, 1-day view or 1-day engaged view",0.09541292
2026-01-03,2026-01-03,Mix-Fitness_CPS_7DCV,prospecting,active,650,ABSOLUTE_OCPM,18600,Daily,6687.625629,14,2.443319,16340,477.687545,0.05250342,14,actions:offsite_conversion.fb_pixel_purchase,477.68754492,66,101.327661,132.399391,50511,1.128082,44776,0,,,21.998769,,,"7-day click, 1-day view or 1-day engaged view",0.05250342
2026-01-05,2026-01-05,Income10_CPS_7DCV,existing,active,600,ABSOLUTE_OCPM,"Using campaign budget",0,6315.604108,20,3.631893,22937.6,315.780205,0.05909501,20,actions:offsite_conversion.fb_pixel_purchase,315.7802054,73,86.515125,167.513769,37702,1.323853,28479,0,,,29.790585,,,"7-day click, 1-day view or 1-day engaged view",0.05909501
2026-01-05,2026-01-05,Open_CPS_7DCV,prospecting,active,650,ABSOLUTE_OCPM,24500,Daily,6137.678212,12,2.153021,13214.55,511.473184,0.0669947,12,actions:offsite_conversion.fb_pixel_purchase,511.47318435,39,157.376364,154.874545,39630,1.118133,35443,0,,,26.802088,,,"7-day click, 1-day view or 1-day engaged view",0.0669947
2026-01-05,2026-01-05,Open_CPS_7DCV,existing,active,650,ABSOLUTE_OCPM,24500,Daily,6082.501788,17,3.532938,21489.1,357.794223,0.04572824,17,actions:offsite_conversion.fb_pixel_purchase,357.79422281,69,88.1522,203.468983,29894,1.261723,23693,0,,,30.719706,,,"7-day click, 1-day view or 1-day engaged view",0.04572824
2026-01-05,2026-01-05,Income10_CPS_7DCV,prospecting,active,650,ABSOLUTE_OCPM,24000,Daily,5968.852125,9,2.028246,12106.3,663.205792,0.06719184,9,actions:offsite_conversion.fb_pixel_purchase,663.20579168,58,102.911244,153.662139,38844,1.119811,34688,0,,,29.116352,,,"7-day click, 1-day view or 1-day engaged view",0.06719184
2026-01-05,2026-01-05,Income10_CPS_7DCV,existing,active,650,ABSOLUTE_OCPM,24000,Daily,5741.417875,13,2.681576,15396.05,441.647529,0.05842739,13,actions:offsite_conversion.fb_pixel_purchase,441.64752884,67,85.692804,216.005187,26580,1.243392,21377,0,,,28.006916,,,"7-day click, 1-day view or 1-day engaged view",0.05842739
2026-01-05,2026-01-05,Income10_CPS_7DCV,prospecting,active,600,ABSOLUTE_OCPM,"Using campaign budget",0,5703.545892,7,1.259374,7182.9,814.79227,0.10690355,7,actions:offsite_conversion.fb_pixel_purchase,814.79227028,34,167.75135,116.873545,48801,1.130595,43164,0,,,21.604341,,,"7-day click, 1-day view or 1-day engaged view",0.10690355
2026-01-02,2026-01-02,Interest-Tea-Fat_CPS_7DCV,existing,active,600,ABSOLUTE_OCPM,"Using campaign budget",0,5683.701752,17,3.858371,21929.83,334.335397,0.13541297,17,actions:offsite_conversion.fb_pixel_purchase,334.33539717,63,90.217488,167.898551,33852,1.493053,22673,0,,,36.669044,,,"7-day click, 1-day view or 1-day engaged view",0.13541297
2026-01-01,2026-01-01,NK_ASC_Dec_CPS_7DC,existing,active,700,ABSOLUTE_OCPM,46400,Daily,5602.974775,13,2.476104,13873.55,430.99806,0.07962175,13,actions:offsite_conversion.fb_pixel_purchase,430.99805959,79,70.923731,176.61071,31725,1.549602,20473,0,,,25.01328,,,"7-day click",0.07962175
2026-01-03,2026-01-03,NK_ASC_Dec_CPS_7DC,existing,active,700,ABSOLUTE_OCPM,46400,Daily,5481.199366,25,5.250849,28780.95,219.247975,0.09231188,25,actions:offsite_conversion.fb_pixel_purchase,219.24797464,95,57.696835,186.70843,29357,1.587294,18495,0,,,23.423929,,,"7-day click",0.09231188
2026-01-01,2026-01-01,Interest-Tea-Fat_CPS_7DCV,existing,active,600,ABSOLUTE_OCPM,"Using campaign budget",0,5465.434283,12,2.497606,13650.5,455.452857,0.14761672,12,actions:offsite_conversion.fb_pixel_purchase,455.45285693,47,116.285836,148.525308,36798,1.396244,26355,0,,,31.961604,,,"7-day click, 1-day view or 1-day engaged view",0.14761672
2026-01-05,2026-01-05,Open_CPS_7DCV,existing,active,600,ABSOLUTE_OCPM,"Using campaign budget",0,5295.099001,15,3.169999,16785.46,353.0066,0.07701088,15,actions:offsite_conversion.fb_pixel_purchase,353.00660005,60,88.25165,177.759467,29788,1.229284,24232,0,,,28.316037,,,"7-day click, 1-day view or 1-day engaged view",0.07701088
2026-01-05,2026-01-05,Mix-Fitness_CPS_7DCV,prospecting,active,600,ABSOLUTE_OCPM,"Using campaign budget",0,5220.607008,5,1.165152,6082.8,1044.121402,0.14292964,5,actions:offsite_conversion.fb_pixel_purchase,1044.12140159,53,98.502019,105.976351,49262,1.130381,43580,0,,,26.63575,,,"7-day click, 1-day view or 1-day engaged view",0.14292964
2026-01-05,2026-01-05,Tea_CPS_7DCV,prospecting,active,600,ABSOLUTE_OCPM,19200,Daily,4774.539429,9,2.08816,9970,530.504381,0.07077181,9,actions:offsite_conversion.fb_pixel_purchase,530.50438095,41,116.452181,142.997377,33389,1.125194,29674,0,,,26.673405,,,"7-day click, 1-day view or 1-day engaged view",0.07077181
2026-01-05,2026-01-05,Mix-Fitness_CPS_7DCV,prospecting,active,650,ABSOLUTE_OCPM,18600,Daily,4693.783617,10,2.527865,11865.25,469.378362,0.05637544,10,actions:offsite_conversion.fb_pixel_purchase,469.37836168,36,130.382878,153.934921,30492,1.134291,26882,0,,,24.574783,,,"7-day click, 1-day view or 1-day engaged view",0.05637544
2026-01-05,2026-01-05,Tea_CPS_7DCV,existing,active,600,ABSOLUTE_OCPM,19200,Daily,4666.078845,10,2.878691,13432.2,466.607885,0.05460838,10,actions:offsite_conversion.fb_pixel_purchase,466.60788453,61,76.493096,199.379517,23403,1.25782,18606,0,,,28.802956,,,"7-day click, 1-day view or 1-day engaged view",0.05460838
2026-01-05,2026-01-05,Mix-Fitness_CPS_7DCV,existing,active,650,ABSOLUTE_OCPM,18600,Daily,4636.526383,4,1.165754,5405.05,1159.131596,0.05649742,4,actions:offsite_conversion.fb_pixel_purchase,1159.13159579,61,76.008629,202.592257,22886,1.213789,18855,0,,,32.883166,,,"7-day click, 1-day view or 1-day engaged view",0.05649742
2026-01-05,2026-01-05,Yoga_CPS_7DCV,prospecting,active,650,ABSOLUTE_OCPM,18200,Daily,4489.594952,4,1.350901,6065,1122.398738,0.0978225,4,actions:offsite_conversion.fb_pixel_purchase,1122.39873798,33,136.048332,148.122565,30310,1.06336,28504,0,,,35.074961,,,"7-day click, 1-day view or 1-day engaged view",0.0978225
2026-01-05,2026-01-05,Open_CPS_7DCV,prospecting,active,600,ABSOLUTE_OCPM,"Using campaign budget",0,4482.836208,5,1.417752,6355.55,896.567242,0.08847706,5,actions:offsite_conversion.fb_pixel_purchase,896.56724162,24,186.784842,132.077317,33941,1.123279,30216,0,,,29.299583,,,"7-day click, 1-day view or 1-day engaged view",0.08847706
2026-01-05,2026-01-05,Mix-Fitness_CPS_7DCV,existing,active,600,ABSOLUTE_OCPM,"Using campaign budget",0,4477.042992,6,1.385546,6203.15,746.173832,0.0763676,6,actions:offsite_conversion.fb_pixel_purchase,746.17383201,31,144.420742,180.613321,24788,1.181225,20985,0,,,30.876159,,,"7-day click, 1-day view or 1-day engaged view",0.0763676
2026-01-05,2026-01-05,Yoga_CPS_7DCV,existing,active,650,ABSOLUTE_OCPM,18200,Daily,4458.045048,6,1.762421,7856.95,743.007508,0.09723935,6,actions:offsite_conversion.fb_pixel_purchase,743.00750801,45,99.067668,211.46215,21082,1.241798,16977,0,,,27.689721,,,"7-day click, 1-day view or 1-day engaged view",0.09723935
2026-01-04,2026-01-04,Interest-Tea-Fat_CPS_7DCV,existing,active,600,ABSOLUTE_OCPM,"Using campaign budget",0,4330.147557,6,1.615095,6993.6,721.69126,0.10656959,6,actions:offsite_conversion.fb_pixel_purchase,721.69125951,25,173.205902,146.635542,29530,1.527282,19335,0,,,38.662032,,,"7-day click, 1-day view or 1-day engaged view",0.10656959
2026-01-01,2026-01-01,Interest-Tea-Fat_CPS_7DCV,prospecting,active,600,ABSOLUTE_OCPM,"Using campaign budget",0,4097.325599,4,1.276394,5229.8,1024.3314,0.24891499,4,actions:offsite_conversion.fb_pixel_purchase,1024.33139972,28,146.333057,133.702907,30645,1.176889,26039,0,,,25.608285,,,"7-day click, 1-day view or 1-day engaged view",0.24891499
2026-01-03,2026-01-03,Interest-Tea-Fat_CPS_7DCV,existing,active,600,ABSOLUTE_OCPM,"Using campaign budget",0,3703.545849,14,4.174729,15461.3,264.538989,0.09507259,14,actions:offsite_conversion.fb_pixel_purchase,264.53898924,64,57.867904,134.084423,27621,1.498454,18433,0,,,33.365278,,,"7-day click, 1-day view or 1-day engaged view",0.09507259
2026-01-02,2026-01-02,Interest-Tea-Fat_CPS_7DCV,prospecting,active,600,ABSOLUTE_OCPM,"Using campaign budget",0,3537.038214,6,1.612753,5704.37,589.506369,0.24421832,6,actions:offsite_conversion.fb_pixel_purchase,589.50636899,22,160.774464,155.809798,22701,1.120539,20259,0,,,31.301223,,,"7-day click, 1-day view or 1-day engaged view",0.24421832
2026-01-02,2026-01-02,Interest-Tea-Rich_CPS_7DCV,existing,active,650,ABSOLUTE_OCPM,"Using campaign budget",0,2944.5,5,1.910392,5625.15,588.9,0.07682174,5,actions:offsite_conversion.fb_pixel_purchase,588.9,28,105.160714,204.153089,14423,1.357203,10627,0,,,33.08427,,,"7-day click, 1-day view or 1-day engaged view",0.07682174
2026-01-04,2026-01-04,Interest-Tea-Fat_CPS_7DCV,prospecting,active,600,ABSOLUTE_OCPM,"Using campaign budget",0,2265.782443,5,2.594689,5879,453.156489,0.20579767,5,actions:offsite_conversion.fb_pixel_purchase,453.15648859,20,113.289122,148.264785,15282,1.176715,12987,0,,,23.6019,,,"7-day click, 1-day view or 1-day engaged view",0.20579767
2026-01-05,2026-01-05,Interest-Tea-Fat_CPS_7DCV,existing,active,600,ABSOLUTE_OCPM,"Using campaign budget",0,2228.654427,5,2.411792,5375.05,445.730885,0.10226551,5,actions:offsite_conversion.fb_pixel_purchase,445.73088541,34,65.54866,157.290876,14169,1.339605,10577,0,,,33.263499,,,"7-day click, 1-day view or 1-day engaged view",0.10226551
2026-01-01,2026-01-01,Interest-Tea-Rich_CPS_7DCV,existing,active,650,ABSOLUTE_OCPM,"Using campaign budget",0,2133.14,,,,,0.06644259,,,,15,142.209333,166.74275,12793,1.33316,9596,0,,,37.423509,,,"7-day click, 1-day view or 1-day engaged view",0.06644259
2026-01-04,2026-01-04,Interest-Tea-Rich_CPS_7DCV,existing,active,650,ABSOLUTE_OCPM,"Using campaign budget",0,2110.2,8,4.696071,9909.65,263.775,0.07606709,8,actions:offsite_conversion.fb_pixel_purchase,263.775,17,124.129412,167.729115,12581,1.317658,9548,0,,,29.308333,,,"7-day click, 1-day view or 1-day engaged view",0.07606709
2026-01-03,2026-01-03,Interest-Tea-Fat_CPS_7DCV,prospecting,active,600,ABSOLUTE_OCPM,"Using campaign budget",0,2105.084151,5,2.114239,4450.65,421.01683,0.20356511,5,actions:offsite_conversion.fb_pixel_purchase,421.01683014,13,161.92955,143.22249,14698,1.15387,12738,0,,,30.072631,,,"7-day click, 1-day view or 1-day engaged view",0.20356511
2026-01-03,2026-01-03,Interest-Tea-Rich_CPS_7DCV,existing,active,650,ABSOLUTE_OCPM,"Using campaign budget",0,2035.96701,5,3.341434,6803.05,407.193402,0.0706905,5,actions:offsite_conversion.fb_pixel_purchase,407.19340196,22,92.543955,166.964656,12194,1.350537,9029,0,,,29.085243,,,"7-day click, 1-day view or 1-day engaged view",0.0706905
2026-01-04,2026-01-04,NK_ASC_Dec_CPS_7DC,uncategorized,active,700,ABSOLUTE_OCPM,46400,Daily,1917.84,4,2.579152,4946.4,479.46,0,4,actions:offsite_conversion.fb_pixel_purchase,479.46,20,95.892,1459.543379,1314,1.00382,1309,0,,,,,,"7-day click",0
2026-01-02,2026-01-02,Interest-Tea-Rich_CPS_7DCV,prospecting,active,650,ABSOLUTE_OCPM,"Using campaign budget",0,1572.32,5,3.580537,5629.75,314.464,0.13439636,5,actions:offsite_conversion.fb_pixel_purchase,314.464,19,82.753684,123.50326,12731,1.066427,11938,0,,,20.964267,,,"7-day click, 1-day view or 1-day engaged view",0.13439636
2026-01-01,2026-01-01,Interest-Tea-Rich_CPS_7DCV,prospecting,active,650,ABSOLUTE_OCPM,"Using campaign budget",0,1375.26,,,,,0.14481177,,,,11,125.023636,108.767795,12644,1.073071,11783,0,,,25.948302,,,"7-day click, 1-day view or 1-day engaged view",0.14481177
2026-01-05,2026-01-05,Interest-Tea-Fat_CPS_7DCV,prospecting,active,600,ABSOLUTE_OCPM,"Using campaign budget",0,1369.085573,2,1.934174,2648.05,684.542786,0.19082455,2,actions:offsite_conversion.fb_pixel_purchase,684.54278646,5,273.817115,169.756426,8065,1.107373,7283,0,,,41.487442,,,"7-day click, 1-day view or 1-day engaged view",0.19082455
2026-01-02,2026-01-02,Interest-Tea-Yoga_CPS_7DCV,existing,active,650,ABSOLUTE_OCPM,"Using campaign budget",0,1308.543968,2,1.708426,2235.55,654.271984,0.10105402,2,actions:offsite_conversion.fb_pixel_purchase,654.27198381,16,81.783998,172.403685,7590,1.208406,6281,0,,,34.435368,,,"7-day click, 1-day view or 1-day engaged view",0.10105402
2026-01-02,2026-01-02,Interest-Tea-Income10_CPS_7DCV,existing,active,600,ABSOLUTE_OCPM,"Using campaign budget",0,1136.49,2,2.575474,2927,568.245,0.1386192,2,actions:offsite_conversion.fb_pixel_purchase,568.245,9,126.276667,204.331176,5562,1.204939,4616,0,,,31.569167,,,"7-day click, 1-day view or 1-day engaged view",0.1386192
2026-01-03,2026-01-03,Interest-Tea-Yoga_CPS_7DCV,existing,active,650,ABSOLUTE_OCPM,"Using campaign budget",0,1129.92,2,1.92757,2178,564.96,0.0868984,2,actions:offsite_conversion.fb_pixel_purchase,564.96,11,102.72,151.058824,7480,1.234527,6059,0,,,34.24,,,"7-day click, 1-day view or 1-day engaged view",0.0868984
2026-01-05,2026-01-05,Interest-Tea-Rich_CPS_7DCV,existing,active,650,ABSOLUTE_OCPM,"Using campaign budget",0,1108.326495,3,3.068229,3400.6,369.442165,0.06210577,3,actions:offsite_conversion.fb_pixel_purchase,369.44216516,8,138.540812,179.25384,6183,1.195476,5172,0,,,22.618908,,,"7-day click, 1-day view or 1-day engaged view",0.06210577
2026-01-04,2026-01-04,Interest-Tea-Yoga_CPS_7DCV,existing,active,650,ABSOLUTE_OCPM,"Using campaign budget",0,1089.79,3,2.346369,2557.05,363.263333,0.09088409,3,actions:offsite_conversion.fb_pixel_purchase,363.26333333,17,64.105294,149.840506,7273,1.238168,5874,0,,,23.187021,,,"7-day click, 1-day view or 1-day engaged view",0.09088409
2026-01-01,2026-01-01,Interest-Tea-Yoga_CPS_7DCV,existing,active,650,ABSOLUTE_OCPM,"Using campaign budget",0,1055.94,3,4.348353,4591.6,351.98,0.08898248,3,actions:offsite_conversion.fb_pixel_purchase,351.98,10,105.594,143.450618,7361,1.215087,6058,0,,,25.754634,,,"7-day click, 1-day view or 1-day engaged view",0.08898248
2026-01-01,2026-01-01,Interest-Tea-Income10_CPS_7DCV,existing,active,600,ABSOLUTE_OCPM,"Using campaign budget",0,1014.663123,,,,,0.1210803,,,,,,183.915737,5517,1.239497,4451,0,,,34.988384,,,"7-day click, 1-day view or 1-day engaged view",0.1210803
2026-01-05,2026-01-05,NK_ASC_Dec_CPS_7DC,uncategorized,active,700,ABSOLUTE_OCPM,46400,Daily,1008.88,2,1.700995,1716.1,504.44,0,2,actions:offsite_conversion.fb_pixel_purchase,504.44,17,59.345882,843.545151,1196,2.235514,535,0,,,,,,"7-day click",0
2026-01-04,2026-01-04,Interest-Tea-Rich_CPS_7DCV,prospecting,active,650,ABSOLUTE_OCPM,"Using campaign budget",0,950.5,1,0.848553,806.55,950.5,0.12673423,1,actions:offsite_conversion.fb_pixel_purchase,950.5,5,190.1,93.525534,10163,1.058756,9599,0,,,21.602273,,,"7-day click, 1-day view or 1-day engaged view",0.12673423
2026-01-03,2026-01-03,NK_ASC_Dec_CPS_7DC,uncategorized,active,700,ABSOLUTE_OCPM,46400,Daily,929.42,1,2.708141,2517,929.42,0,1,actions:offsite_conversion.fb_pixel_purchase,929.42,23,40.409565,1401.840121,663,1.007599,658,0,,,,,,"7-day click",0
2026-01-04,2026-01-04,Interest-Tea-Income10_CPS_7DCV,existing,active,600,ABSOLUTE_OCPM,"Using campaign budget",0,920.907463,3,3.485855,3210.15,306.969154,0.12086062,3,actions:offsite_conversion.fb_pixel_purchase,306.9691544,14,65.779105,172.293258,5345,1.247957,4283,0,,,26.311642,,,"7-day click, 1-day view or 1-day engaged view",0.12086062
2026-01-03,2026-01-03,Interest-Tea-Rich_CPS_7DCV,prospecting,active,650,ABSOLUTE_OCPM,"Using campaign budget",0,849.43299,1,0.837676,711.55,849.43299,0.09952408,1,actions:offsite_conversion.fb_pixel_purchase,849.43299021,7,121.34757,118.901594,7144,1.084561,6587,0,,,31.460481,,,"7-day click, 1-day view or 1-day engaged view",0.09952408
2026-01-03,2026-01-03,Interest-Tea-Income10_CPS_7DCV,existing,active,600,ABSOLUTE_OCPM,"Using campaign budget",0,792.35,2,2.433268,1928,396.175,0.12269273,2,actions:offsite_conversion.fb_pixel_purchase,396.175,8,99.04375,172.062975,4605,1.283087,3589,0,,,29.346296,,,"7-day click, 1-day view or 1-day engaged view",0.12269273
2026-01-02,2026-01-02,Interest-Tea-Income10_CPS_7DCV,prospecting,active,600,ABSOLUTE_OCPM,"Using campaign budget",0,737.43,1,1.056371,779,737.43,0.18372902,1,actions:offsite_conversion.fb_pixel_purchase,737.43,8,92.17875,111.512173,6613,1.032958,6402,0,,,21.069429,,,"7-day click, 1-day view or 1-day engaged view",0.18372902
2026-01-04,2026-01-04,NK_ASC_CPS_7DC,uncategorized,active,700,ABSOLUTE_OCPM,37000,Daily,727.44,2,3.235387,2353.55,363.72,0,2,actions:offsite_conversion.fb_pixel_purchase,363.72,5,145.488,1691.72093,430,1.018957,422,0,,,,,,"7-day click",0
2026-01-02,2026-01-02,Interest-Tea-Yoga_CPS_7DCV,prospecting,active,650,ABSOLUTE_OCPM,"Using campaign budget",0,677.655986,2,3.272457,2217.6,338.827993,0.13970469,2,actions:offsite_conversion.fb_pixel_purchase,338.82799308,6,112.942664,109.955539,6163,1.04052,5923,0,,,20.53503,,,"7-day click, 1-day view or 1-day engaged view",0.13970469
2026-01-01,2026-01-01,NK_ASC_CPS_7DC,uncategorized,active,700,ABSOLUTE_OCPM,37000,Daily,665.81,3,4.12813,2748.55,221.936667,0,3,actions:offsite_conversion.fb_pixel_purchase,221.93666667,6,110.968333,1469.779249,453,1,453,0,,,,,,"7-day click",0
2026-01-05,2026-01-05,Interest-Tea-Rich_CPS_7DCV,prospecting,active,650,ABSOLUTE_OCPM,"Using campaign budget",0,657.924687,1,1.081507,711.55,657.924687,0.12703191,1,actions:offsite_conversion.fb_pixel_purchase,657.92468688,4,164.481172,132.033852,4983,1.02552,4859,0,,,32.896234,,,"7-day click, 1-day view or 1-day engaged view",0.12703191
2026-01-01,2026-01-01,Interest-Tea-Yoga_CPS_7DCV,prospecting,active,650,ABSOLUTE_OCPM,"Using campaign budget",0,639.08,,,,,0.15050505,,,,6,106.513333,92.219336,6930,1.079103,6422,0,,,31.954,,,"7-day click, 1-day view or 1-day engaged view",0.15050505
2026-01-02,2026-01-02,NK_ASC_CPS_7DC,uncategorized,active,700,ABSOLUTE_OCPM,37000,Daily,589.77,2,5.47332,3228,294.885,0,2,actions:offsite_conversion.fb_pixel_purchase,294.885,6,98.295,1670.736544,353,1.002841,352,0,,,,,,"7-day click",0
2026-01-03,2026-01-03,NK_ASC_CPS_7DC,uncategorized,active,700,ABSOLUTE_OCPM,37000,Daily,589.19,2,4.381948,2581.8,294.595,0,2,actions:offsite_conversion.fb_pixel_purchase,294.595,6,98.198333,1627.596685,362,1.005556,360,0,,,,,,"7-day click",0
2026-01-05,2026-01-05,Interest-Tea-Yoga_CPS_7DCV,existing,active,650,ABSOLUTE_OCPM,"Using campaign budget",0,566.855682,2,5.49699,3116,283.427841,0.0857971,2,actions:offsite_conversion.fb_pixel_purchase,283.42784102,6,94.475947,164.305995,3450,1.116505,3090,0,,,26.993128,,,"7-day click, 1-day view or 1-day engaged view",0.0857971
2026-01-01,2026-01-01,Interest-Tea-Income10_CPS_7DCV,prospecting,active,600,ABSOLUTE_OCPM,"Using campaign budget",0,511.716877,1,2.974301,1522,511.716877,0.19299923,1,actions:offsite_conversion.fb_pixel_purchase,511.71687735,13,39.362837,97.880045,5228,1.017319,5139,0,,,22.24856,,,"7-day click, 1-day view or 1-day engaged view",0.19299923
2026-01-01,2026-01-01,NK_ASC_Dec_CPS_7DC,uncategorized,active,700,ABSOLUTE_OCPM,46400,Daily,506.03,2,5.23299,2648.05,253.015,0,2,actions:offsite_conversion.fb_pixel_purchase,253.015,24,21.084583,1479.619883,342,1.005882,340,0,,,,,,"7-day click",0
2026-01-02,2026-01-02,NK_ASC_Dec_CPS_7DC,uncategorized,active,700,ABSOLUTE_OCPM,46400,Daily,479.26,2,9.428703,4518.8,239.63,0,2,actions:offsite_conversion.fb_pixel_purchase,239.63,12,39.938333,1749.124088,274,1,274,0,,,,,,"7-day click",0
2026-01-03,2026-01-03,Interest-Tea-Yoga_CPS_7DCV,prospecting,active,650,ABSOLUTE_OCPM,"Using campaign budget",0,467.31,,,,,0.12948207,,,,4,116.8275,103.432935,4518,1.060812,4259,0,,,27.488824,,,"7-day click, 1-day view or 1-day engaged view",0.12948207
2026-01-05,2026-01-05,Interest-Tea-Income10_CPS_7DCV,existing,active,600,ABSOLUTE_OCPM,"Using campaign budget",0,451.452371,4,10.314599,4656.55,112.863093,0.12554978,4,actions:offsite_conversion.fb_pixel_purchase,112.86309264,6,75.242062,180.508745,2501,1.119517,2234,0,,,34.727105,,,"7-day click, 1-day view or 1-day engaged view",0.12554978
2026-01-04,2026-01-04,Interest-Tea-Yoga_CPS_7DCV,prospecting,active,650,ABSOLUTE_OCPM,"Using campaign budget",0,396.97,,,,,0.12764025,,,,4,99.2425,90.158983,4403,1.103785,3989,0,,,24.810625,,,"7-day click, 1-day view or 1-day engaged view",0.12764025
2026-01-05,2026-01-05,NK_ASC_CPS_7DC,uncategorized,active,700,ABSOLUTE_OCPM,37000,Daily,371.63,,,,,0,,,,2,185.815,758.428571,490,3.245033,151,0,,,,,,"7-day click",0
2026-01-04,2026-01-04,Interest-Tea-Income10_CPS_7DCV,prospecting,active,600,ABSOLUTE_OCPM,"Using campaign budget",0,342.582537,1,3.952332,1354,342.582537,0.17573754,1,actions:offsite_conversion.fb_pixel_purchase,342.58253679,2,171.291268,87.12679,3932,1.048254,3751,0,,,19.032363,,,"7-day click, 1-day view or 1-day engaged view",0.17573754
2026-01-05,2026-01-05,Interest-Tea-Yoga_CPS_7DCV,prospecting,active,650,ABSOLUTE_OCPM,"Using campaign budget",0,320.370694,,,,,0.13988439,,,,2,160.185347,123.456915,2595,1.056166,2457,0,,,18.845335,,,"7-day click, 1-day view or 1-day engaged view",0.13988439
2026-01-03,2026-01-03,Interest-Tea-Income10_CPS_7DCV,prospecting,active,600,ABSOLUTE_OCPM,"Using campaign budget",0,318.04,,,,,0.18585919,,,,2,159.02,94.880668,3352,1.019155,3289,0,,,18.708235,,,"7-day click, 1-day view or 1-day engaged view",0.18585919
2026-01-05,2026-01-05,Interest-Tea-Income10_CPS_7DCV,prospecting,active,600,ABSOLUTE_OCPM,"Using campaign budget",0,258.787629,,,,,0.16130398,,,,,,109.562925,2362,1.029643,2294,0,,,36.969661,,,"7-day click, 1-day view or 1-day engaged view",0.16130398
2026-01-05,2026-01-05,Open_CPS_7DCV,uncategorized,active,600,ABSOLUTE_OCPM,"Using campaign budget",0,37.564791,,,,,0,,,,,,132.270392,284,0,0,0,,,,,,"7-day click, 1-day view or 1-day engaged view",0
2026-01-01,2026-01-01,Interest-Tea-Fitness_CPS_7DCV,unknown,active,700,ABSOLUTE_OCPM,"Using campaign budget",0,17.120435,,,,,0,,,,3,5.706812,2140.054423,8,1,8,0,,,17.120435,,,"7-day click, 1-day view or 1-day engaged view",0
2026-01-01,2026-01-01,NK_ASC_CPS_7DC,unknown,active,700,ABSOLUTE_OCPM,37000,Daily,11.300378,,,,,0.14285714,,,,,,1614.33972,7,1,7,0,,,,,,"7-day click",0.14285714
2026-01-02,2026-01-02,Interest-Tea-Fitness_CPS_7DCV,unknown,active,700,ABSOLUTE_OCPM,"Using campaign budget",0,10.850253,,,,,0.25,,,,,,1356.281576,8,1,8,0,,,5.425126,,,"7-day click, 1-day view or 1-day engaged view",0.25
2026-01-02,2026-01-02,NK_ASC_CPS_7DC,unknown,active,700,ABSOLUTE_OCPM,37000,Daily,9.610221,,,,,0.22222222,,,,,,1067.802363,9,1,9,0,,,9.610221,,,"7-day click",0.22222222
2026-01-01,2026-01-01,Income10_CPS_7DCV,unknown,active,650,ABSOLUTE_OCPM,24000,Daily,7.670347,,,,,0.2,,,,,,1534.069416,5,1,5,0,,,7.670347,,,"7-day click, 1-day view or 1-day engaged view",0.2
2026-01-02,2026-01-02,Tea_CPS_7DCV,unknown,active,600,ABSOLUTE_OCPM,"Using campaign budget",0,6.370112,,,,,0.16666667,,,,,,1061.68526,6,1,6,0,,,6.370112,,,"7-day click, 1-day view or 1-day engaged view",0.16666667
2026-01-02,2026-01-02,NK_ASC_Dec_CPS_7DC,unknown,active,700,ABSOLUTE_OCPM,46400,Daily,6.360286,,,,,0.5,,,,2,3.180143,1590.071582,4,1,4,0,,,3.180143,,,"7-day click",0.5
2026-01-02,2026-01-02,Yoga_CPS_7DCV,unknown,active,650,ABSOLUTE_OCPM,18200,Daily,5.710227,,,,,0,,,,,,2855.113638,2,1,2,0,,,,,,"7-day click, 1-day view or 1-day engaged view",0
2026-01-02,2026-01-02,Open_CPS_7DCV,unknown,active,600,ABSOLUTE_OCPM,"Using campaign budget",0,5.270089,,,,,0,,,,,,878.348102,6,1,6,0,,,,,,"7-day click, 1-day view or 1-day engaged view",0
2026-01-02,2026-01-02,Income10_CPS_7DCV,unknown,active,650,ABSOLUTE_OCPM,24000,Daily,5.161199,,,,,0,,,,,,1290.299748,4,1,4,0,,,,,,"7-day click, 1-day view or 1-day engaged view",0
2026-01-01,2026-01-01,Yoga_CPS_7DCV,unknown,active,650,ABSOLUTE_OCPM,18200,Daily,5.070531,,,,,0,,,,,,2535.265642,2,1,2,0,,,,,,"7-day click, 1-day view or 1-day engaged view",0
2026-01-01,2026-01-01,Open_CPS_7DCV,unknown,active,600,ABSOLUTE_OCPM,"Using campaign budget",0,5.060057,,,,,0.25,,,,1,5.060057,1265.01423,4,1,4,0,,,,,,"7-day click, 1-day view or 1-day engaged view",0.25
2026-01-03,2026-01-03,Tea_CPS_7DCV,unknown,active,600,ABSOLUTE_OCPM,"Using campaign budget",0,5.050162,,,,,0.25,,,,,,1262.540535,4,1,4,0,,,2.525081,,,"7-day click, 1-day view or 1-day engaged view",0.25
2026-01-01,2026-01-01,Income10_CPS_7DCV,unknown,active,600,ABSOLUTE_OCPM,"Using campaign budget",0,5.050156,,,,,0.5,,,,,,1262.539018,4,1.333333,3,0,,,2.525078,,,"7-day click, 1-day view or 1-day engaged view",0.5
2026-01-03,2026-01-03,NK_ASC_CPS_7DC,unknown,active,700,ABSOLUTE_OCPM,37000,Daily,5.050073,,,,,0.2,,,,,,1010.014594,5,1,5,0,,,,,,"7-day click",0.2
2026-01-01,2026-01-01,NK_ASC_Dec_CPS_7DC,unknown,active,700,ABSOLUTE_OCPM,46400,Daily,4.800133,,,,,0.5,,,,,,1200.033149,4,1,4,0,,,,,,"7-day click",0.5
2026-01-02,2026-01-02,Income10_CPS_7DCV,unknown,active,600,ABSOLUTE_OCPM,"Using campaign budget",0,4.700046,,,,,0.16666667,,,,1,4.700046,783.340957,6,1,6,0,,,4.700046,,,"7-day click, 1-day view or 1-day engaged view",0.16666667
2026-01-01,2026-01-01,Tea_CPS_7DCV,unknown,active,600,ABSOLUTE_OCPM,"Using campaign budget",0,4.410288,,,,,0.66666667,,,,,,1470.095963,3,1,3,0,,,4.410288,,,"7-day click, 1-day view or 1-day engaged view",0.66666667
2026-01-01,2026-01-01,Open_CPS_7DCV,unknown,active,650,ABSOLUTE_OCPM,24500,Daily,3.810272,,,,,0,,,,,,762.054384,5,1,5,0,,,3.810272,,,"7-day click, 1-day view or 1-day engaged view",0
2026-01-02,2026-01-02,Mix-Fitness_CPS_7DCV,unknown,active,600,ABSOLUTE_OCPM,"Using campaign budget",0,3.550049,,,,,0,,,,,,887.512184,4,1,4,0,,,,,,"7-day click, 1-day view or 1-day engaged view",0
2026-01-03,2026-01-03,Yoga_CPS_7DCV,unknown,active,650,ABSOLUTE_OCPM,18200,Daily,3.310112,1,214.962531,711.55,3.310112,0.25,1,actions:offsite_conversion.fb_pixel_purchase,3.31011175,2,1.655056,827.527938,4,1,4,0,,,3.310112,,,"7-day click, 1-day view or 1-day engaged view",0.25
2026-01-03,2026-01-03,Income10_CPS_7DCV,unknown,active,650,ABSOLUTE_OCPM,24000,Daily,2.830351,,,,,0,,,,,,707.587633,4,1,4,0,,,,,,"7-day click, 1-day view or 1-day engaged view",0
2026-01-03,2026-01-03,Interest-Tea-Fitness_CPS_7DCV,unknown,active,700,ABSOLUTE_OCPM,"Using campaign budget",0,2.80001,,,,,0.2,,,,,,560.00193,5,1,5,0,,,,,,"7-day click, 1-day view or 1-day engaged view",0.2
2026-01-04,2026-01-04,Interest-Tea-Fitness_CPS_7DCV,unknown,active,700,ABSOLUTE_OCPM,"Using campaign budget",0,2.70008,,,,,0.33333333,,,,,,900.0267,3,1.5,2,0,,,0.900027,,,"7-day click, 1-day view or 1-day engaged view",0.33333333
2026-01-02,2026-01-02,Tea_CPS_7DCV,unknown,active,600,ABSOLUTE_OCPM,19200,Daily,2.490089,,,,,0,,,,,,1245.0445,2,1,2,0,,,,,,"7-day click, 1-day view or 1-day engaged view",0
2026-01-03,2026-01-03,NK_ASC_Dec_CPS_7DC,unknown,active,700,ABSOLUTE_OCPM,46400,Daily,2.250024,,,,,0,,,,,,1125.012185,2,1,2,0,,,2.250024,,,"7-day click",0
2026-01-04,2026-01-04,Tea_CPS_7DCV,unknown,active,600,ABSOLUTE_OCPM,"Using campaign budget",0,2.010183,,,,,0,,,,,,670.060927,3,1,3,0,,,0.502546,,,"7-day click, 1-day view or 1-day engaged view",0
2026-01-01,2026-01-01,Interest-Tea-Fat_CPS_7DCV,unknown,active,600,ABSOLUTE_OCPM,"Using campaign budget",0,1.820118,,,,,0,,,,,,1820.117985,1,1,1,0,,,,,,"7-day click, 1-day view or 1-day engaged view",0
2026-01-02,2026-01-02,Interest-Tea-Fat_CPS_7DCV,unknown,active,600,ABSOLUTE_OCPM,"Using campaign budget",0,1.370034,,,,,1,,,,,,1370.034169,1,1,1,0,,,1.370034,,,"7-day click, 1-day view or 1-day engaged view",1
2026-01-02,2026-01-02,Mix-Fitness_CPS_7DCV,unknown,active,650,ABSOLUTE_OCPM,18600,Daily,1.270032,,,,,0,,,,,,1270.03217,1,1,1,0,,,,,,"7-day click, 1-day view or 1-day engaged view",0
2026-01-04,2026-01-04,NK_ASC_CPS_7DC,unknown,active,700,ABSOLUTE_OCPM,37000,Daily,1.019903,,,,,0,,,,,,1019.903351,1,1,1,0,,,1.019903,,,"7-day click",0
2026-01-03,2026-01-03,Income10_CPS_7DCV,unknown,active,600,ABSOLUTE_OCPM,"Using campaign budget",0,1.010017,,,,,0.5,,,,,,505.008464,2,1,2,0,,,,,,"7-day click, 1-day view or 1-day engaged view",0.5
2026-01-01,2026-01-01,Mix-Fitness_CPS_7DCV,unknown,active,650,ABSOLUTE_OCPM,18600,Daily,0.980036,,,,,0,,,,,,980.035701,1,1,1,0,,,,,,"7-day click, 1-day view or 1-day engaged view",0
2026-01-04,2026-01-04,Open_CPS_7DCV,unknown,active,650,ABSOLUTE_OCPM,24500,Daily,0.689992,,,,,0,,,,,,689.991798,1,1,1,0,,,,,,"7-day click, 1-day view or 1-day engaged view",0
2026-01-01,2026-01-01,Mix-Fitness_CPS_7DCV,unknown,active,600,ABSOLUTE_OCPM,"Using campaign budget",0,0.380025,,,,,1,,,,,,380.025015,1,1,1,0,,,,,,"7-day click, 1-day view or 1-day engaged view",1
2026-01-04,2026-01-04,Tea_CPS_7DCV,unknown,active,600,ABSOLUTE_OCPM,19200,Daily,0.330004,,,,,0,,,,,,330.00394,1,1,1,0,,,0.330004,,,"7-day click, 1-day view or 1-day engaged view",0
2026-01-02,2026-01-02,Interest-Tea-Income10_CPS_7DCV,unknown,active,600,ABSOLUTE_OCPM,"Using campaign budget",0,0.28,,,,,0,,,,,,280,1,1,1,0,,,,,,"7-day click, 1-day view or 1-day engaged view",0
2026-01-02,2026-01-02,Interest-Tea-Yoga_CPS_7DCV,unknown,active,650,ABSOLUTE_OCPM,"Using campaign budget",0,0.270046,,,,,0,,,,,,270.046221,1,1,1,0,,,,,,"7-day click, 1-day view or 1-day engaged view",0
2026-01-04,2026-01-04,Income10_CPS_7DCV,uncategorized,active,600,ABSOLUTE_OCPM,"Using campaign budget",0,0.080002,,,,,0,,,,,,40.000756,2,0,0,0,,,,,,"7-day click, 1-day view or 1-day engaged view",0
2026-01-05,2026-01-05,Interest-Tea-Fat_CPS_7DCV,uncategorized,active,600,ABSOLUTE_OCPM,"Using campaign budget",0,0,,,,,,,,,1,0,0,0,0,0,0,,,,,,"7-day click, 1-day view or 1-day engaged view",
2026-01-05,2026-01-05,Interest-Tea-Income10_CPS_7DCV,uncategorized,active,600,ABSOLUTE_OCPM,"Using campaign budget",0,0,,,,,0.11764706,,,,,,0,34,1.030303,33,0,,,,,,"7-day click, 1-day view or 1-day engaged view",0.11764706
2026-01-05,2026-01-05,Income10_CPS_7DCV,uncategorized,active,600,ABSOLUTE_OCPM,"Using campaign budget",0,0,,,,,0,,,,,,0,819,1.527985,536,0,,,,,,"7-day click, 1-day view or 1-day engaged view",0
2026-01-05,2026-01-05,Tea_CPS_7DCV,unknown,active,600,ABSOLUTE_OCPM,"Using campaign budget",0,0,,,,,,,,,,,0,0,0,0,0,,,0,,,"7-day click, 1-day view or 1-day engaged view",
2026-01-05,2026-01-05,Tea_CPS_7DCV,uncategorized,active,600,ABSOLUTE_OCPM,"Using campaign budget",0,0,,,,,0,,,,,,0,621,0,0,0,,,,,,"7-day click, 1-day view or 1-day engaged view",0
2026-01-05,2026-01-05,Mix-Fitness_CPS_7DCV,uncategorized,active,600,ABSOLUTE_OCPM,"Using campaign budget",0,0,,,,,0,,,,,,0,221,1.013761,218,0,,,,,,"7-day click, 1-day view or 1-day engaged view",0
2026-01-05,2026-01-05,Yoga_CPS_7DCV,unknown,active,650,ABSOLUTE_OCPM,18200,Daily,0,,,,,,,,,,,0,0,0,0,0,,,0,,,"7-day click, 1-day view or 1-day engaged view",
2026-01-05,2026-01-05,Tea_CPS_7DCV,unknown,active,600,ABSOLUTE_OCPM,19200,Daily,0,,,,,,,,,1,0,0,0,0,0,0,,,0,,,"7-day click, 1-day view or 1-day engaged view",
2026-01-04,2026-01-04,Tea_CPS_7DCV,uncategorized,active,600,ABSOLUTE_OCPM,"Using campaign budget",0,0,,,,,0,,,,,,0,1,0,0,0,,,,,,"7-day click, 1-day view or 1-day engaged view",0
2026-01-04,2026-01-04,Open_CPS_7DCV,unknown,active,600,ABSOLUTE_OCPM,"Using campaign budget",0,0,,,,,,,,,,,0,0,0,0,0,,,0,,,"7-day click, 1-day view or 1-day engaged view",
2026-01-04,2026-01-04,Yoga_CPS_7DCV,unknown,active,650,ABSOLUTE_OCPM,18200,Daily,0,,,,,,,,,,,0,0,0,0,0,,,0,,,"7-day click, 1-day view or 1-day engaged view",
2026-01-04,2026-01-04,Income10_CPS_7DCV,unknown,active,650,ABSOLUTE_OCPM,24000,Daily,0,,,,,,,,,,,0,0,0,0,0,,,0,,,"7-day click, 1-day view or 1-day engaged view",
2026-01-03,2026-01-03,Open_CPS_7DCV,unknown,active,600,ABSOLUTE_OCPM,"Using campaign budget",0,0,,,,,1,,,,,,0,1,1,1,0,,,0,,,"7-day click, 1-day view or 1-day engaged view",1
2026-01-03,2026-01-03,Mix-Fitness_CPS_7DCV,unknown,active,600,ABSOLUTE_OCPM,"Using campaign budget",0,0,,,,,0,,,,,,0,1,1,1,0,,,0,,,"7-day click, 1-day view or 1-day engaged view",0
2026-01-03,2026-01-03,Open_CPS_7DCV,unknown,active,650,ABSOLUTE_OCPM,24500,Daily,0,,,,,,,,,,,0,0,0,0,0,,,0,,,"7-day click, 1-day view or 1-day engaged view",
2026-01-03,2026-01-03,Tea_CPS_7DCV,unknown,active,600,ABSOLUTE_OCPM,19200,Daily,0,,,,,,,,,,,0,0,0,0,0,,,0,,,"7-day click, 1-day view or 1-day engaged view",
2026-01-03,2026-01-03,Mix-Fitness_CPS_7DCV,unknown,active,650,ABSOLUTE_OCPM,18600,Daily,0,,,,,,,,,,,0,0,0,0,0,,,0,,,"7-day click, 1-day view or 1-day engaged view",
2026-01-02,2026-01-02,Interest-Tea-Rich_CPS_7DCV,unknown,active,650,ABSOLUTE_OCPM,"Using campaign budget",0,0,,,,,,,,,,,0,0,0,0,0,,,0,,,"7-day click, 1-day view or 1-day engaged view",
2026-01-02,2026-01-02,Open_CPS_7DCV,unknown,active,650,ABSOLUTE_OCPM,24500,Daily,0,,,,,,,,,,,0,0,0,0,0,,,0,,,"7-day click, 1-day view or 1-day engaged view",
